Old Event Name,New Event Name,Old Event Property Name,New Event Property Name,Old Event Property Values,New Event Property Values,Old Event Property Values Distribution,New Event Property Values Distribution,Old User Property,New User Property,Old User Property Values,New User Property Values,Old User Property Values Distribution,New User Property Values Distribution,Old Group Type,New Group Type,Old Group Property,New Group Property,Old Group Property Values,New Group Property Values,Old Group Property Values Distribution,New Group Property Values Distribution
Create Account,Product List Viewed,Object Type,category,Accounts; Contacts; Opportunities; Products; Cases; Users; Contracts; Reports; Others,mobiles-on-a-plan; accessories; internet; prepaid,0.3; 0.16; 0.11; 0.09; 0.09; 0.08; 0.05; 0.06; 0.06,0.55; 0.2; 0.18; 0.07,Age,Age,12; 17; 21; 25; 31; 33; 40; 41; 46; 48; 52; 54,18; 24; 29; 34; 39; 44; 49; 54; 59; 64; 69; 74,0.005; 0.02; 0.04; 0.05; 0.075; 0.15; 0.24; 0.085; 0.075; 0.06; 0.05; 0.15,0.03; 0.09; 0.13; 0.15; 0.14; 0.12; 0.1; 0.08; 0.06; 0.05; 0.03; 0.02,Org Id,Telstra Account,Organization Name (Account),Account Name,Nike; Apple; Peloton; Uber; Doordash,Telstra Consumer; Telstra Business; Telstra Enterprise; Belong; Boost Mobile,0.29; 0.17; 0.32; 0.1; 0.12,0.45; 0.25; 0.12; 0.1; 0.08
Create Account,Product List Viewed,Product Line,sort_by,Sales; Service; Marketing; Commerce; Experience; Finance; AI; Others,featured; price-asc; price-desc; newest,0.205; 0.253; 0.232; 0.022; 0.03; 0.103; 0.105; 0.05,0.55; 0.2; 0.15; 0.1,Gender,Gender,Male; Female; Unknown,Male; Female; Unknown,0.44; 0.46; 0.1,0.44; 0.46; 0.1,Org Id,Telstra Account,Number of Employees,Services on Account,0-9; 10-99; 100-999; 1000-9999; 10000+,1; 2-3; 4-5; 6-10; 10+,0.10; 0.27; 0.38; 0.19; 0.06,0.3; 0.35; 0.2; 0.1; 0.05
Add Integrations,Product Viewed,Object Type,product_category,,mobiles-on-a-plan; accessory; nbn; 5g-home,,0.6; 0.18; 0.15; 0.07,Contract Type,account_type,Free Trial; Paid Trial; Land; Expand,postpaid; prepaid; business,0.3; 0.15; 0.45; 0.1,0.62; 0.26; 0.12,Org Id,Telstra Account,Industry Vertical (Account),Account Segment,eCommerce; B2B; Media; Healthcare; Travel,Consumer; Small Business; Enterprise; Government; Wholesale,0.41; 0.08; 0.15; 0.23; 0.13,0.55; 0.22; 0.13; 0.06; 0.04
Add Integrations,Product Viewed,Product Line,product_brand,,Apple; Samsung; Google; Nokia; Telstra,,0.45; 0.3; 0.15; 0.06; 0.04,User Type,telstra_plus_tier,Not a Member; Member; Silver Member; Gold Member,Member; Silver; Gold; VIP,0.35; 0.15; 0.4; 0.1,0.4; 0.3; 0.22; 0.08,Org Id,Telstra Account,Market Segment (Account),Account Tier,Startup; SMB; Commercial; Corporate; Enterprise,Member; Silver; Gold; VIP; Platinum,0.19; 0.38; 0.27; 0.1; 0.06,0.36; 0.27; 0.2; 0.11; 0.06
Create Opportunity,Plan Selected,Object Type,plan_name,,Basic; Essential; Premium,,0.3; 0.45; 0.25,User Start Date,customer_since,07-03-2020; 01-15-2021; 08-27-2022; 11-09-2022; 06-30-2023,07-03-2019; 01-15-2021; 08-27-2022; 11-09-2023; 06-30-2025,0.3; 0.15; 0.1; 0.4; 0.05,0.18; 0.22; 0.24; 0.21; 0.15,Org Id,Telstra Account,Account Health,Account Health,Red; Yellow; Green,Red; Yellow; Green,0.07; 0.28; 0.65,0.07; 0.28; 0.65
Create Opportunity,Plan Selected,Product Line,plan_type,,mobile; nbn; 5g-home,,0.7; 0.22; 0.08,Annual Income,monthly_spend,$10000; $50000; $100000; $250000,45; 68; 95; 140; 210,0.1; 0.35; 0.40; 0.15,0.18; 0.3; 0.26; 0.16; 0.1,Org Id,Telstra Account,Account Manager,Account Manager,Stacy R; Oron B; Miguel P; Spencer S; Shadi R,Priya N; Jack T; Mei L; Tom R; Sarah K,0.32; 0.12; 0.29; 0.17; 0.1,0.32; 0.12; 0.29; 0.17; 0.1
Follow Opportunity,Add to Cart,Object Type,product_category,,mobiles-on-a-plan; accessory; nbn; 5g-home,,0.6; 0.18; 0.15; 0.07,Trial Users,services_count,false,1; 2; 3; 4,1,0.42; 0.31; 0.18; 0.09,Org Id,Telstra Account,Total ARR,Annual Contract Value,$876000000; $34500000; $11200000; $6780000; $368000,$1200; $2400; $4800; $9600; $24000,0.13; 0.08; 0.41; 0.23; 0.15,0.13; 0.08; 0.41; 0.23; 0.15
Follow Opportunity,Add to Cart,Product Line,plan_name,,Basic; Essential; Premium; n/a,,0.28; 0.4; 0.22; 0.1,utm_campaign,utm_campaign,Dreamforce; Snowflake Summit; Amplify; AmpliTour,iPhone 17 Launch; nbn Acquisition; Abandoned Cart; Telstra Plus Upgrade,0.2; 0.3; 0.25; 0.25,0.35; 0.25; 0.25; 0.15,Org Id,Telstra Account,Org Creation Date,Account Created Date,07-03-2020; 01-15-2021; 08-27-2020; 11-09-2022; 06-30-2023,07-03-2020; 01-15-2021; 08-27-2020; 11-09-2022; 06-30-2023,0.17; 0.1; 0.12; 0.29; 0.32,0.17; 0.1; 0.12; 0.29; 0.32
View Campaign,Checkout Started,Product Line,cart_items_count,,1; 2; 3,,0.68; 0.24; 0.08,utm_source,utm_source,tiktok; instagram; direct; google; email,google; facebook; instagram; direct; email,0.25; 0.05; 0.2; 0.3; 0.2,0.3; 0.2; 0.1; 0.25; 0.15,Org Id,Telstra Account,Contract Type,Contract Type,Free Trial; Paid Trial; Land; Expand,Month to Month; 12 Month; 24 Month; 36 Month,0.3; 0.15; 0.45; 0.1,0.3; 0.15; 0.45; 0.1
View Campaign,Checkout Started,Notification Type,cart_value,In-App Notification; E-mail,58; 68; 88; 120.04; 145.79,0.3; 0.7,0.2; 0.3; 0.2; 0.2; 0.1,utm_medium,utm_medium,social; cpc; email; partner,cpc; social; email; organic,0.35; 0.15; 0.4; 0.1,0.35; 0.2; 0.15; 0.3,Org Id,Telstra Account,Subscription Start Date,Service Start Date,09-12-2020; 03-07-2021; 10-22-2020; 02-16-2023; 10-30-2023,09-12-2020; 03-07-2021; 10-22-2020; 02-16-2023; 10-05-2024,0.17; 0.34; 0.05; 0.26; 0.18,0.17; 0.34; 0.05; 0.26; 0.18
Add Report,Checkout Step Completed,Object Type,step_name,,Your details; Delivery; Payment; Review,,0.34; 0.28; 0.22; 0.16,utm_term,utm_term,analytics; exp; ampl; cdp,iphone 17; samsung galaxy; nbn plans; mobile plans,0.35; 0.15; 0.4; 0.1,0.35; 0.2; 0.25; 0.2,Opportunity Id,Service Order,Opportunity Name,Order Name,Nike Expand; Apple Land; Peloton Core Product Team; Uber 2023; Doordash Expand,Mobile Upgrade; nbn Connection; New Service; Accessory Purchase; Plan Change,0.09; 0.14; 0.51; 0.2; 0.06,0.09; 0.14; 0.51; 0.2; 0.06
Add Report,Checkout Step Completed,Product Line,step_number,,1; 2; 3; 4,,0.34; 0.28; 0.22; 0.16,utm_content,utm_content,Product Metrics; Starter Plan; Demo; Dummies Guide,hero_banner; sidebar; footer; inline,0.27; 0.27; 0.27; 0.19,0.4; 0.25; 0.15; 0.2,Opportunity Id,Service Order,Opportunity Owner,Order Owner,Lucy P; Steph D; Ben H; Dan R; Mishti W,Priya N; Jack T; Mei L; Tom R; Sarah K,0.21; 0.41; 0.04; 0.13; 0.21,0.21; 0.41; 0.04; 0.13; 0.21
Request Premium Subscription,Add-On Toggled,Object Type,addon_name,,International Calling Pack; International Roaming (from $5/day); Device Security by McAfee,,0.4; 0.25; 0.35,A/B Testing,A/B Testing,Control; Treatment A; Treatment B,Control; Treatment A; Treatment B,0.5; 0.25; 0.25,0.5; 0.25; 0.25,Opportunity Id,Service Order,Organization Name (Opportunity),Order Account Name,Nike; Apple; Peloton; Uber; Doordash,Telstra Consumer; Telstra Business; Telstra Enterprise; Belong; Boost Mobile,0.05; 0.18; 0.34; 0.26; 0.17,0.05; 0.18; 0.34; 0.26; 0.17
Request Premium Subscription,Add-On Toggled,Product Line,action,,added; removed,,0.72; 0.28,Custom User Property 1,plan_name,Value 1; Value 2; Value 3,Basic; Essential; Premium,0.35; 0.40; 0.25,0.3; 0.45; 0.25,Opportunity Id,Service Order,Industry Vertical (Opportunity),Order Segment,eCommerce; B2B; Media; Healthcare; Travel,Consumer; Small Business; Enterprise; Government; Wholesale,0.51; 0.09; 0.06; 0.14; 0.2,0.51; 0.09; 0.06; 0.14; 0.2
Request Premium Subscription,Add-On Toggled,Subscription Length,addon_price,1 Year; 3 Years; None,0; 10,0.5; 0.2; 0.3,0.25; 0.75,Custom User Property 2,active_device,Value 1; Value 2; Value 3,iPhone 17 Pro; iPhone 16; Galaxy S26; Pixel 10; Other,0.35; 0.40; 0.25,0.3; 0.22; 0.2; 0.13; 0.15,Opportunity Id,Service Order,Market Segment (Opportunity),Order Channel,Startup; SMB; Commercial; Corporate; Enterprise,Online; Retail Store; Call Centre; Partner; Field Sales,0.04; 0.41; 0.21; 0.21; 0.13,0.04; 0.41; 0.21; 0.21; 0.13
Request Premium Subscription,Add-On Toggled,Deal Type,product_category,Demo; Free Trial; Paid Trial; Workshop; None,mobiles-on-a-plan; accessory,0.12; 0.15; 0.32; 0.28; 0.13,0.85; 0.15,Custom User Property 3,telstra_plus_points,Value 1; Value 2; Value 3,0; 2500; 5000; 12000; 30000,0.35; 0.40; 0.25,0.2; 0.27; 0.25; 0.18; 0.1,Opportunity Id,Service Order,Opportunity Stage,Order Stage,S1; S2; S3; S4; S5,Cart; Checkout; Submitted; Provisioning; Activated,0.18; 0.26; 0.17; 0.34; 0.05,0.18; 0.26; 0.17; 0.34; 0.05
Renew Subscription,Order Placed,Object Type,items_count,,1; 2; 3,,0.7; 0.23; 0.07,,,,,,,Opportunity Id,Service Order,Probability To Close,Likelihood To Activate,10%; 25%; 50%; 75%; 100%,10%; 25%; 50%; 75%; 100%,0.06; 0.14; 0.2; 0.51; 0.09,0.06; 0.14; 0.2; 0.51; 0.09
Renew Subscription,Order Placed,Product Line,promo_code,,ONLINE50; PROMO20; none,,0.22; 0.15; 0.63,,,,,,,,,,,,,,
Renew Subscription,Order Placed,Subscription Length,points_used,,0; 5000,,0.72; 0.28,,,,,,,,,,,,,,
Renew Subscription,Order Placed,Deal Type,trade_in_credit,,0; 180; 340; 520,,0.62; 0.15; 0.14; 0.09,,,,,,,,,,,,,,
View Home Page,View Home Page,N/A,N/A,N/A,N/A,N/A,N/A,,,,,,,,,,,,,,
Contact Sales,Login Completed,N/A,N/A,N/A,N/A,N/A,N/A,,,,,,,,,,,,,,
Request Demo,Trade-In Started,Product Line,device_type,,phone; tablet; watch,,0.78; 0.14; 0.08,,,,,,,,,,,,,,
Sign Up Free Trial,Address Checked,Product Line,technology_type,,FTTP; HFC; FTTN; 5G,,0.38; 0.22; 0.25; 0.15,,,,,,,,,,,,,,
Sign Up Free Trial,Address Checked,Trial Length,state,30 Days; 90 Days; 365 Days,NSW; VIC; QLD; WA; SA,0.6; 0.3; 0.1,0.33; 0.26; 0.19; 0.13; 0.09,,,,,,,,,,,,,,
Sign Up Free Trial,Address Checked,Trial Type,result,Demo; Live Data Ingestion,available; not available,0.85; 0.15,0.88; 0.12,,,,,,,,,,,,,,
Complete Free Trial,Plan Viewed,Trial Length,plan_name,,Basic; Standard; Fast; Superfast,,0.18; 0.34; 0.33; 0.15,,,,,,,,,,,,,,
Complete Free Trial,Plan Viewed,Product Line,plan_type,,nbn; 5g-home; mobile,,0.6; 0.15; 0.25,,,,,,,,,,,,,,
Complete Free Trial,Plan Viewed,Subscription Length,plan_price,,80; 90; 110; 140,,0.18; 0.34; 0.33; 0.15,,,,,,,,,,,,,,
View Pop-up Window,Promo Code Applied,Pop-up Type,promo_code,Lighbox; Redirect; Others,ONLINE50; PROMO20; INVALID,0.3; 0.6; 0.1,0.45; 0.35; 0.2,,,,,,,,,,,,,,
Close Pop-up Window,Points Redemption Toggled,Pop-up Type,action,,applied; removed,,0.68; 0.32,,,,,,,,,,,,,,
Custom Event 1,Cart Viewed,Custom Event Property 1,cart_items_count,Custom Event Property 1 Value 1; Custom Event Property 1 Value 2; Custom Event Property 1 Value 3,1; 2; 3,0.6; 0.3; 0.1,0.68; 0.24; 0.08,,,,,,,,,,,,,,
Custom Event 1,Cart Viewed,Custom Event Property 2,cart_monthly_value,Custom Event Property 2 Value 1; Custom Event Property 2 Value 2; Custom Event Property 2 Value 3,58; 68; 88; 120.04; 145.79,0.6; 0.3; 0.1,0.2; 0.3; 0.2; 0.2; 0.1,,,,,,,,,,,,,,
Custom Event 2,Product Filter Applied,Custom Event Property 3,filter_type,Custom Event Property 3 Value 1; Custom Event Property 3 Value 2; Custom Event Property 3 Value 3,brand; connectivity; price,0.6; 0.3; 0.1,0.5; 0.28; 0.22,,,,,,,,,,,,,,
Custom Event 2,Product Filter Applied,Custom Event Property 4,filter_value,Custom Event Property 4 Value 1; Custom Event Property 4 Value 2; Custom Event Property 4 Value 3,Apple; Samsung; Google; 5G; eSIM,0.6; 0.3; 0.1,0.35; 0.25; 0.15; 0.15; 0.1,,,,,,,,,,,,,,
Custom Event 3,Remove from Cart,Custom Event Property 5,product_name,Custom Event Property 5 Value 1; Custom Event Property 5 Value 2; Custom Event Property 5 Value 3,iPhone 17 Pro; Galaxy S26 Ultra; Pixel 10 Pro; AirPods Pro (3rd gen),0.6; 0.3; 0.1,0.4; 0.25; 0.2; 0.15,,,,,,,,,,,,,,
Custom Event 3,Remove from Cart,Custom Event Property 6,reason,Custom Event Property 6 Value 1; Custom Event Property 6 Value 2; Custom Event Property 6 Value 3,user_removed; replaced_with_other_device,0.6; 0.3; 0.1,0.82; 0.18,,,,,,,,,,,,,,
Receive Account Alert,Bill Viewed,Notification Type,bill_period,,August 2026; July 2026; June 2026,,0.5; 0.3; 0.2,,,,,,,,,,,,,,
Receive Account Alert,Bill Viewed,Product Line,bill_amount,,68; 88; 110; 145.79,,0.3; 0.3; 0.25; 0.15,,,,,,,,,,,,,,
View Account Alert,Usage Checked,Notification Type,service_type,,postpaid-mobile; prepaid-mobile; nbn; 5g-internet,,0.55; 0.15; 0.22; 0.08,,,,,,,,,,,,,,
View Account Alert,Usage Checked,Product Line,data_used_pct,,25; 50; 75; 90; 100,,0.2; 0.25; 0.25; 0.2; 0.1,,,,,,,,,,,,,,
Page View,Page View,Page Title,Page Title,home page; log in page; sign up page; upgrade page; help page; others,home page; mobile phones; cart; checkout; my telstra; support,0.4; 0.15; 0.1; 0.08; 0.1; 0.17,0.3; 0.25; 0.15; 0.1; 0.12; 0.08,,,,,,,,,,,,,,
Page View,Page View,Page URL,Page URL,amplitude.com/home; amplitude.com/login; others,shermozle.github.io/telstra-demo/; shermozle.github.io/telstra-demo/mobile-phones/mobiles-on-a-plan/; others,0.6; 0.3; 0.1,0.5; 0.35; 0.15,,,,,,,,,,,,,,
Page View,Page View,Page Path,Page Path,/home; /login; /,/; /mobile-phones/mobiles-on-a-plan/; /shop/cart/,0.6; 0.3; 0.1,0.5; 0.3; 0.2,,,,,,,,,,,,,,
Daily Ad Metric,Daily Ad Metrics,ad_group_id,ad_group_id,6320759775352; 6319411029952; 6316479011352; 6313096363952; 6322597376152,6320759775352; 6319411029952; 6316479011352; 6313096363952; 6322597376152,0.25; 0.25; 0.25; 0.125; 0.125,0.25; 0.25; 0.25; 0.125; 0.125,,,,,,,,,,,,,,
Daily Ad Metric,Daily Ad Metrics,ad_metrics.clicks,ad_metrics.clicks,0; 1; 2; 3; 4,0; 1; 2; 3; 4,0.25; 0.23; 0.23; 0.2; 0.09,0.25; 0.23; 0.23; 0.2; 0.09,,,,,,,,,,,,,,
Daily Ad Metric,Daily Ad Metrics,ad_metrics.costs,ad_metrics.cost,.25; 248.67; .16; 2.9; 6.33,250; 748.67; 1600; 1234; 633,0.25; 0.125; 0.125; 0.25; 0.25,0.25; 0.125; 0.125; 0.25; 0.25,,,,,,,,,,,,,,
Daily Ad Metric,Daily Ad Metrics,ad_metrics.impressions,ad_metrics.impressions,6; 339; 3; 18; 5,6; 339; 3; 18; 5,0.2; 0.3; 0.2; 0.1; 0.2,0.2; 0.3; 0.2; 0.1; 0.2,,,,,,,,,,,,,,
Daily Ad Metric,Daily Ad Metrics,ad_name,ad_name,Product Metrics; Starter Plan; Demo; Dummies Guide,iPhone 17 Launch; Family Plan Offer; nbn Switch Offer; Trade-In Bonus,0.27; 0.27; 0.27; 0.19,0.3; 0.25; 0.25; 0.2,,,,,,,,,,,,,,
Daily Ad Metric,Daily Ad Metrics,campaign_name,campaign_name,AMER - Retargeting - New Leads campaign; FB - Commercial East and Central - Q1 2023; EMEA - Retargeting - New Leads campaign; AMER - Forrester,AU - Mobile - iPhone 17 Launch; AU - Internet - nbn Acquisition; AU - Retargeting - Abandoned Cart; AU - Telstra Plus - Upgrade,0.38; 0.25; 0.25; 0.12,0.35; 0.25; 0.25; 0.15,,,,,,,,,,,,,,
Lead Form Completed,Lead Form Completed,campaign_name,campaign_name,,AU - Mobile - iPhone 17 Launch; AU - Internet - nbn Acquisition; AU - Retargeting - Abandoned Cart; AU - Telstra Plus - Upgrade,,0.35; 0.25; 0.25; 0.15,,,,,,,,,,,,,,